symbol,window,ny_date,direction,breakout_time,reentry_time,breakout_extreme,entry_price,stop_distance,range_height,skip_reason
BTCUSD,NY,2020-01-14,short,2020-01-14 08:45:00,2020-01-14 11:00:00,8755.28,8547.28,208.0,82.5,large_no_swing
BTCUSD,NY,2020-01-21,long,2020-01-21 14:40:00,2020-01-21 15:00:00,8440.79,8622.79,182.0,66.0,large_no_swing
BTCUSD,NY,2020-02-20,long,2020-02-20 11:35:00,2020-02-20 11:40:00,9317.79,9587.29,269.5,96.5,large_no_swing
BTCUSD,NY,2020-05-11,long,2020-05-11 12:35:00,2020-05-11 12:45:00,8319.29,8616.79,297.5,119.70000000000073,large_no_swing
BTCUSD,NY,2020-06-04,long,2020-06-04 05:10:00,2020-06-04 08:10:00,9446.34,9640.42,194.07999999999993,53.97999999999956,large_no_swing
BTCUSD,NY,2020-06-10,short,2020-06-10 14:05:00,2020-06-10 14:50:00,9997.22,9778.24,218.97999999999956,66.57999999999993,large_no_swing
BTCUSD,NY,2020-08-27,short,2020-08-27 09:10:00,2020-08-27 09:45:00,11595.41,11390.45,204.95999999999913,82.5,large_no_swing
BTCUSD,NY,2020-12-23,long,2020-12-23 16:40:00,2020-12-23 17:45:00,22590.22,23364.58,774.3600000000006,362.5,large_no_swing
BTCUSD,NY,2021-06-22,long,2021-06-22 04:00:00,2021-06-22 12:15:00,28779.26,32646.24,3866.980000000003,670.9399999999987,large_no_swing
BTCUSD,NY,2021-07-05,long,2021-07-05 07:20:00,2021-07-05 14:25:00,33067.0,34118.05,1051.050000000003,408.7900000000009,large_no_swing
BTCUSD,NY,2021-09-13,short,2021-09-13 09:30:00,2021-09-13 10:00:00,46832.14,44578.04,2254.0999999999985,810.0400000000009,large_no_swing
BTCUSD,NY,2021-10-28,long,2021-10-28 14:35:00,2021-10-28 14:40:00,57133.26,59025.51,1892.25,586.8499999999985,large_no_swing
BTCUSD,NY,2022-02-03,long,2022-02-03 13:00:00,2022-02-03 16:15:00,36265.39,36890.69,625.3000000000029,281.5699999999997,large_no_swing
BTCUSD,NY,2022-03-29,long,2022-03-29 20:20:00,2022-03-29 23:00:00,46252.24,47357.47,1105.2300000000032,437.6399999999994,large_no_swing
BTCUSD,NY,2022-05-17,long,2022-05-17 13:50:00,2022-05-17 15:30:00,29384.21,30228.86,844.6500000000015,351.27999999999884,large_no_swing
BTCUSD,NY,2022-09-21,short,2022-09-21 07:35:00,2022-09-21 14:00:00,19910.29,18875.79,1034.5,332.1999999999971,large_no_swing
BTCUSD,NY,2022-09-21,short,2022-09-21 14:30:00,2022-09-21 15:35:00,19785.29,19019.8,765.4900000000016,332.1999999999971,large_no_swing
BTCUSD,NY,2022-09-30,short,2022-09-30 10:30:00,2022-09-30 12:05:00,20178.79,19619.69,559.1000000000022,247.75,large_no_swing
BTCUSD,NY,2022-12-14,short,2022-12-14 08:45:00,2022-12-14 14:20:00,18377.41,17859.57,517.8400000000001,144.4300000000003,large_no_swing
BTCUSD,NY,2022-12-20,short,2022-12-20 09:55:00,2022-12-20 11:15:00,17055.75,16839.93,215.8199999999997,97.87999999999738,large_no_swing
BTCUSD,NY,2023-01-06,long,2023-01-06 05:50:00,2023-01-06 09:30:00,16640.61,16776.27,135.65999999999985,45.5,large_no_swing
BTCUSD,NY,2023-01-17,short,2023-01-17 08:45:00,2023-01-17 09:30:00,21623.74,21184.71,439.0300000000025,157.86999999999898,large_no_swing
BTCUSD,NY,2023-01-23,short,2023-01-23 09:40:00,2023-01-23 09:55:00,23123.07,22622.41,500.65999999999985,194.9200000000019,large_no_swing
BTCUSD,NY,2023-06-01,long,2023-06-01 20:20:00,2023-06-01 20:55:00,26488.07,26786.18,298.1100000000006,135.9399999999987,large_no_swing
BTCUSD,NY,2023-06-13,short,2023-06-13 07:55:00,2023-06-13 08:40:00,26421.34,26090.09,331.25,158.2699999999968,large_no_swing
BTCUSD,NY,2023-06-16,long,2023-06-16 10:45:00,2023-06-16 10:55:00,25086.55,25570.32,483.77000000000044,164.47999999999956,large_no_swing
BTCUSD,NY,2023-07-17,long,2023-07-17 05:30:00,2023-07-17 07:10:00,29968.35,30262.39,294.0400000000009,98.07999999999811,large_no_swing
BTCUSD,NY,2023-07-26,short,2023-07-26 14:35:00,2023-07-26 15:05:00,29495.58,29228.2,267.380000000001,131.96000000000276,large_no_swing
BTCUSD,NY,2023-08-14,short,2023-08-14 10:35:00,2023-08-14 14:00:00,29666.87,29353.64,313.22999999999956,82.2400000000016,large_no_swing
BTCUSD,NY,2023-08-22,long,2023-08-22 11:35:00,2023-08-22 12:50:00,25748.27,26024.4,276.130000000001,124.52999999999884,large_no_swing
BTCUSD,NY,2023-08-30,long,2023-08-30 09:35:00,2023-08-30 09:50:00,27101.74,27388.26,286.5199999999968,101.18000000000029,large_no_swing
BTCUSD,NY,2023-08-31,long,2023-08-31 08:00:00,2023-08-31 08:05:00,26989.93,27239.51,249.5799999999981,83.57999999999811,large_no_swing
BTCUSD,NY,2023-09-05,short,2023-09-05 11:05:00,2023-09-05 11:25:00,25880.93,25673.24,207.6899999999987,88.40000000000146,large_no_swing
BTCUSD,NY,2023-09-06,long,2023-09-06 10:00:00,2023-09-06 13:50:00,25329.87,25773.65,443.7800000000025,74.64000000000306,large_no_swing
BTCUSD,NY,2023-09-06,short,2023-09-06 13:55:00,2023-09-06 14:15:00,26006.66,25745.58,261.0799999999981,74.64000000000306,large_no_swing
BTCUSD,NY,2023-10-05,short,2023-10-05 08:55:00,2023-10-05 11:25:00,28119.65,27665.45,454.2000000000007,150.40999999999985,large_no_swing
BTCUSD,NY,2023-10-10,long,2023-10-10 07:40:00,2023-10-10 10:15:00,27335.9,27610.69,274.78999999999724,134.34000000000015,large_no_swing
BTCUSD,NY,2023-10-16,short,2023-10-16 09:20:00,2023-10-16 09:45:00,30420.52,27845.92,2574.600000000002,783.0600000000013,large_no_swing
BTCUSD,NY,2023-11-01,short,2023-11-01 08:45:00,2023-11-01 09:45:00,35187.21,34449.37,737.8399999999965,187.31000000000495,large_no_swing
BTCUSD,NY,2023-11-09,short,2023-11-09 07:05:00,2023-11-09 11:10:00,37997.05,36575.52,1421.530000000006,289.3600000000006,large_no_swing
BTCUSD,NY,2023-11-20,long,2023-11-20 09:10:00,2023-11-20 09:25:00,36644.39,37142.22,497.83000000000175,237.00999999999476,large_no_swing
BTCUSD,NY,2023-12-18,long,2023-12-18 05:00:00,2023-12-18 06:10:00,40490.76,41111.64,620.8799999999974,302.24000000000524,large_no_swing
BTCUSD,NY,2024-01-09,long,2024-01-09 07:55:00,2024-01-09 08:00:00,45559.65,46625.26,1065.6100000000006,429.0900000000038,large_no_swing
BTCUSD,NY,2024-01-11,short,2024-01-11 05:20:00,2024-01-11 11:05:00,49048.7,46244.51,2804.189999999995,834.0800000000017,large_no_swing
BTCUSD,NY,2024-03-08,short,2024-03-08 08:40:00,2024-03-08 10:55:00,70198.1,67669.5,2528.600000000006,883.0499999999884,large_no_swing
BTCUSD,NY,2024-06-18,long,2024-06-18 08:00:00,2024-06-18 10:35:00,64287.84,65349.97,1062.1300000000047,520.689999999995,large_no_swing
BTCUSD,NY,2024-07-26,short,2024-07-26 08:45:00,2024-07-26 10:30:00,67998.35,67063.05,935.3000000000029,344.9100000000035,large_no_swing
BTCUSD,NY,2024-10-15,short,2024-10-15 09:00:00,2024-10-15 10:40:00,67939.06,65563.02,2376.0399999999936,638.5199999999968,large_no_swing
BTCUSD,NY,2024-12-03,long,2024-12-03 05:50:00,2024-12-03 10:00:00,93581.27,95578.74,1997.4700000000012,978.6000000000058,large_no_swing
BTCUSD,NY,2025-02-20,short,2025-02-20 07:00:00,2025-02-20 09:50:00,98106.38,97102.29,1004.0900000000111,441.2700000000041,large_no_swing
BTCUSD,NY,2025-02-21,short,2025-02-21 07:10:00,2025-02-21 09:35:00,99545.44,98443.09,1102.3500000000058,477.79000000000815,large_no_swing
BTCUSD,NY,2025-02-21,short,2025-02-21 09:40:00,2025-02-21 10:20:00,99389.51,98320.55,1068.9599999999919,477.79000000000815,large_no_swing
BTCUSD,NY,2025-02-21,long,2025-02-21 10:30:00,2025-02-21 10:50:00,97155.68,98181.75,1026.070000000007,477.79000000000815,large_no_swing
BTCUSD,NY,2025-02-26,long,2025-02-26 07:45:00,2025-02-26 10:10:00,85283.22,88244.88,2961.6600000000035,1057.8099999999977,large_no_swing
BTCUSD,NY,2025-03-07,short,2025-03-07 07:45:00,2025-03-07 10:30:00,91119.05,88528.38,2590.6699999999983,1048.3600000000006,large_no_swing
BTCUSD,NY,2025-04-16,short,2025-04-16 10:00:00,2025-04-16 13:50:00,85541.99,83749.57,1792.4199999999983,622.0500000000029,large_no_swing
BTCUSD,NY,2025-05-06,long,2025-05-06 06:25:00,2025-05-06 10:15:00,93356.15,94380.69,1024.5400000000081,385.929999999993,large_no_swing
BTCUSD,NY,2025-08-20,long,2025-08-20 09:25:00,2025-08-20 10:30:00,112334.75,113656.63,1321.8800000000047,428.5,large_no_swing
BTCUSD,NY,2025-09-02,long,2025-09-02 07:20:00,2025-09-02 09:35:00,108409.0,110077.88,1668.8800000000047,645.1199999999953,large_no_swing
BTCUSD,NY,2025-12-10,long,2025-12-10 05:30:00,2025-12-10 11:15:00,91567.5,92488.0,920.5,412.0,large_no_swing
BTCUSD,NY,2025-12-10,long,2025-12-10 14:00:00,2025-12-10 14:05:00,91704.0,92724.5,1020.5,412.0,large_no_swing
BTCUSD,NY,2025-12-10,short,2025-12-10 14:50:00,2025-12-10 15:50:00,94520.0,92531.0,1989.0,412.0,large_no_swing
